<?xml version="1.0" encoding="UTF-8"?>
<project xsi:schemaLocation="http://maven.apache.org/POM/4.0.0 https://maven.apache.org/xsd/maven-4.0.0.xsd" xmlns="http://maven.apache.org/POM/4.0.0"
    xmlns:xsi="http://www.w3.org/2001/XMLSchema-instance">
  <modelVersion>4.0.0</modelVersion>
  <parent>
    <groupId>org.pitest</groupId>
    <artifactId>pitest-parent</artifactId>
    <version>1.0.0-SNAPSHOT</version>
  </parent>
  <groupId>org.pitest</groupId>
  <artifactId>pitest-entry</artifactId>
  <version>1.0.0-SNAPSHOT</version>
  <name>pitest-entry</name>
  <description>Pitest entry point</description>
  <url>http://pitest.org</url>
  <licenses>
    <license>
      <name>The Apache Software License, Version 2.0</name>
      <url>http://www.apache.org/licenses/LICENSE-2.0.txt</url>
      <distribution>repo</distribution>
    </license>
  </licenses>
  <dependencies>
    <dependency>
      <groupId>org.pitest</groupId>
      <artifactId>pitest</artifactId>
      <version>1.0.0-SNAPSHOT</version>
      <scope>compile</scope>
    </dependency>
    <dependency>
      <groupId>org.pitest</groupId>
      <artifactId>pitest</artifactId>
      <version>1.0.0-SNAPSHOT</version>
      <type>test-jar</type>
      <scope>test</scope>
    </dependency>
    <dependency>
      <groupId>nl.jqno.equalsverifier</groupId>
      <artifactId>equalsverifier</artifactId>
      <version>3.7.1</version>
      <scope>test</scope>
    </dependency>
    <dependency>
      <groupId>com.google.jimfs</groupId>
      <artifactId>jimfs</artifactId>
      <version>1.1</version>
      <scope>test</scope>
      <exclusions>
        <exclusion>
          <groupId>com.google.guava</groupId>
          <artifactId>guava</artifactId>
        </exclusion>
      </exclusions>
    </dependency>
    <dependency>
      <groupId>org.easymock</groupId>
      <artifactId>easymock</artifactId>
      <version>3.3.1</version>
      <scope>test</scope>
      <exclusions>
        <exclusion>
          <groupId>cglib</groupId>
          <artifactId>cglib</artifactId>
        </exclusion>
        <exclusion>
          <groupId>org.objenesis</groupId>
          <artifactId>objenesis</artifactId>
        </exclusion>
      </exclusions>
    </dependency>
    <dependency>
      <groupId>org.hamcrest</groupId>
      <artifactId>hamcrest-core</artifactId>
      <version>1.3</version>
      <scope>test</scope>
    </dependency>
    <dependency>
      <groupId>org.hamcrest</groupId>
      <artifactId>hamcrest-library</artifactId>
      <version>1.3</version>
      <scope>test</scope>
    </dependency>
    <dependency>
      <groupId>junit</groupId>
      <artifactId>junit</artifactId>
      <version>4.11</version>
      <scope>test</scope>
    </dependency>
    <dependency>
      <groupId>org.mockito</groupId>
      <artifactId>mockito-core</artifactId>
      <version>3.6.28</version>
      <scope>test</scope>
      <exclusions>
        <exclusion>
          <groupId>net.bytebuddy</groupId>
          <artifactId>byte-buddy</artifactId>
        </exclusion>
        <exclusion>
          <groupId>net.bytebuddy</groupId>
          <artifactId>byte-buddy-agent</artifactId>
        </exclusion>
        <exclusion>
          <groupId>org.objenesis</groupId>
          <artifactId>objenesis</artifactId>
        </exclusion>
      </exclusions>
    </dependency>
    <dependency>
      <groupId>org.assertj</groupId>
      <artifactId>assertj-core</artifactId>
      <version>3.22.0</version>
      <scope>test</scope>
    </dependency>
    <dependency>
      <groupId>org.pitest.quickbuilder</groupId>
      <artifactId>quickbuilder</artifactId>
      <version>1.2</version>
      <scope>test</scope>
    </dependency>
  </dependencies>
  <build>
    <resources>
      <resource>
        <filtering>true</filtering>
        <directory>src/main/resources</directory>
      </resource>
    </resources>
    <plugins>
      <plugin>
        <artifactId>maven-shade-plugin</artifactId>
        <executions>
          <execution>
            <phase>package</phase>
            <goals>
              <goal>shade</goal>
            </goals>
            <configuration>
              <artifactSet>
                <includes>
                  <include>org.ow2.asm:*</include>
                </includes>
              </artifactSet>
            </configuration>
          </execution>
        </executions>
      </plugin>
      <plugin>
        <groupId>org.codehaus.mojo</groupId>
        <artifactId>flatten-maven-plugin</artifactId>
      </plugin>
      <plugin>
        <artifactId>maven-checkstyle-plugin</artifactId>
      </plugin>
      <plugin>
        <artifactId>maven-jar-plugin</artifactId>
        <executions>
          <execution>
            <goals>
              <goal>test-jar</goal>
            </goals>
          </execution>
        </executions>
        <configuration>
          <archive>
            <manifest>
              <addDefaultImplementationEntries>true</addDefaultImplementationEntries>
            </manifest>
            <index>true</index>
          </archive>
        </configuration>
      </plugin>
      <plugin>
        <artifactId>maven-surefire-plugin</artifactId>
        <configuration>
          <includes>
            <include>org/**/Test*.java</include>
            <include>org/**/*Test.java</include>
          </includes>
          <excludes>
            <exclude>**/*$*</exclude>
            <exclude>com/*/**.java</exclude>
          </excludes>
          <excludedGroups>org.pitest.SystemTest</excludedGroups>
        </configuration>
      </plugin>
      <plugin>
        <artifactId>maven-failsafe-plugin</artifactId>
        <executions>
          <execution>
            <goals>
              <goal>integration-test</goal>
              <goal>verify</goal>
            </goals>
            <configuration>
              <includes>
                <include>**/*.class</include>
              </includes>
            </configuration>
          </execution>
        </executions>
        <configuration>
          <argLine>-Dfoo=foo</argLine>
          <groups>org.pitest.SystemTest</groups>
        </configuration>
      </plugin>
    </plugins>
  </build>
</project>
