<?xml version="1.0" encoding="UTF-8"?>
<project xsi:schemaLocation="http://maven.apache.org/POM/4.0.0 https://maven.apache.org/xsd/maven-4.0.0.xsd" xmlns="http://maven.apache.org/POM/4.0.0"
    xmlns:xsi="http://www.w3.org/2001/XMLSchema-instance">
  <modelVersion>4.0.0</modelVersion>
  <groupId>org.pitest</groupId>
  <artifactId>pitest-parent</artifactId>
  <version>1.0.0-SNAPSHOT</version>
  <packaging>pom</packaging>
  <name>pitest-parent</name>
  <description>Mutation testing system for java - parent project</description>
  <url>http://pitest.org</url>
  <organization>
    <name>org.pitest</name>
  </organization>
  <licenses>
    <license>
      <name>The Apache Software License, Version 2.0</name>
      <url>http://www.apache.org/licenses/LICENSE-2.0.txt</url>
      <distribution>repo</distribution>
    </license>
  </licenses>
  <developers>
    <developer>
      <id>henry</id>
      <name>Henry Coles</name>
      <email>henry@pitest.org</email>
    </developer>
  </developers>
  <contributors>
    <contributor>
      <name>Marvin H Froeder</name>
      <email>velo dot br at gmail dot com</email>
      <url>about.me/velo</url>
    </contributor>
    <contributor>
      <name>Rahul Gopinath</name>
      <email>rahul@gopinath.org</email>
      <url>http://rahul.gopinath.org</url>
    </contributor>
    <contributor>
      <name>Artem Khvastunov</name>
      <email>contact@artspb.me</email>
      <url>https://artspb.me</url>
    </contributor>
  </contributors>
  <modules>
    <module>pitest-build-config</module>
    <module>pitest</module>
    <module>pitest-entry</module>
    <module>pitest-maven</module>
    <module>pitest-ant</module>
    <module>pitest-command-line</module>
    <module>pitest-html-report</module>
    <module>pitest-aggregator</module>
  </modules>
  <scm>
    <developerConnection>scm:git:https://github.com/hcoles/pitest.git</developerConnection>
    <url>https://github.com/hcoles/pitest</url>
  </scm>
  <issueManagement>
    <system>GitHub</system>
    <url>https://github.com/hcoles/pitest/issues</url>
  </issueManagement>
  <distributionManagement>
    <repository>
      <id>ossrh</id>
      <url>https://oss.sonatype.org/service/local/staging/deploy/maven2/</url>
    </repository>
    <snapshotRepository>
      <id>ossrh</id>
      <url>https://oss.sonatype.org/content/repositories/snapshots</url>
    </snapshotRepository>
  </distributionManagement>
  <properties>
    <maven.failsafe-plugin.version>${surefire.version}</maven.failsafe-plugin.version>
    <surefire.version>2.18.1</surefire.version>
    <slf4j.version>1.7.12</slf4j.version>
    <junit.version>4.11</junit.version>
    <hamcrest.version>1.3</hamcrest.version>
    <asm.version>9.3</asm.version>
    <maven.surefire-plugin.version>${surefire.version}</maven.surefire-plugin.version>
    <project.reporting.outputEncoding>UTF-8</project.reporting.outputEncoding>
    <project.build.sourceEncoding>UTF-8</project.build.sourceEncoding>
    <revision>1.0.0-SNAPSHOT</revision>
  </properties>
  <dependencyManagement>
    <dependencies>
      <dependency>
        <groupId>nl.jqno.equalsverifier</groupId>
        <artifactId>equalsverifier</artifactId>
        <version>3.7.1</version>
        <scope>test</scope>
      </dependency>
    </dependencies>
  </dependencyManagement>
  <dependencies>
    <dependency>
      <groupId>junit</groupId>
      <artifactId>junit</artifactId>
      <version>${junit.version}</version>
      <scope>test</scope>
    </dependency>
    <dependency>
      <groupId>org.mockito</groupId>
      <artifactId>mockito-core</artifactId>
      <version>3.6.28</version>
      <scope>test</scope>
    </dependency>
    <dependency>
      <groupId>org.assertj</groupId>
      <artifactId>assertj-core</artifactId>
      <version>3.22.0</version>
      <scope>test</scope>
    </dependency>
    <dependency>
      <groupId>org.pitest.quickbuilder</groupId>
      <artifactId>quickbuilder</artifactId>
      <version>1.2</version>
      <scope>test</scope>
    </dependency>
  </dependencies>
  <build>
    <pluginManagement>
      <plugins>
        <plugin>
          <artifactId>maven-checkstyle-plugin</artifactId>
          <version>3.1.0</version>
          <executions>
            <execution>
              <id>checkstyle</id>
              <phase>validate</phase>
              <goals>
                <goal>check</goal>
              </goals>
              <configuration>
                <failOnViolation>true</failOnViolation>
                <configLocation>pitest/checkstyle.xml</configLocation>
                <sourceDirectories>
                  <sourceDirectory>${project.build.sourceDirectory}</sourceDirectory>
                </sourceDirectories>
              </configuration>
            </execution>
          </executions>
          <dependencies>
            <dependency>
              <groupId>org.pitest</groupId>
              <artifactId>pitest-build-config</artifactId>
              <version>${project.version}</version>
            </dependency>
          </dependencies>
        </plugin>
        <plugin>
          <artifactId>maven-gpg-plugin</artifactId>
          <version>1.6</version>
          <executions>
            <execution>
              <id>sign-artifacts</id>
              <phase>verify</phase>
              <goals>
                <goal>sign</goal>
              </goals>
            </execution>
          </executions>
          <configuration>
            <gpgArguments>
              <arg>--pinentry-mode</arg>
              <arg>loopback</arg>
            </gpgArguments>
          </configuration>
        </plugin>
        <plugin>
          <artifactId>maven-scm-plugin</artifactId>
          <version>1.11.2</version>
          <configuration>
            <tag>${project.version}</tag>
          </configuration>
        </plugin>
        <plugin>
          <artifactId>maven-compiler-plugin</artifactId>
          <version>3.8.1</version>
          <configuration>
            <source>1.8</source>
            <target>1.8</target>
          </configuration>
        </plugin>
        <plugin>
          <artifactId>maven-surefire-plugin</artifactId>
          <version>${maven.surefire-plugin.version}</version>
          <dependencies>
            <dependency>
              <groupId>org.apache.maven.surefire</groupId>
              <artifactId>surefire-junit47</artifactId>
              <version>${maven.surefire-plugin.version}</version>
            </dependency>
          </dependencies>
        </plugin>
        <plugin>
          <artifactId>maven-failsafe-plugin</artifactId>
          <version>${maven.failsafe-plugin.version}</version>
          <dependencies>
            <dependency>
              <groupId>org.apache.maven.surefire</groupId>
              <artifactId>surefire-junit47</artifactId>
              <version>${maven.surefire-plugin.version}</version>
            </dependency>
          </dependencies>
        </plugin>
        <plugin>
          <artifactId>maven-source-plugin</artifactId>
          <version>3.0.1</version>
          <executions>
            <execution>
              <id>attach-sources</id>
              <goals>
                <goal>jar</goal>
              </goals>
            </execution>
          </executions>
        </plugin>
        <plugin>
          <artifactId>maven-jar-plugin</artifactId>
          <version>3.1.1</version>
        </plugin>
        <plugin>
          <artifactId>maven-shade-plugin</artifactId>
          <version>3.2.1</version>
        </plugin>
        <plugin>
          <groupId>org.codehaus.mojo</groupId>
          <artifactId>flatten-maven-plugin</artifactId>
          <version>1.2.5</version>
          <executions>
            <execution>
              <id>flatten</id>
              <phase>package</phase>
              <goals>
                <goal>flatten</goal>
              </goals>
            </execution>
            <execution>
              <id>flatten.clean</id>
              <phase>clean</phase>
              <goals>
                <goal>clean</goal>
              </goals>
            </execution>
          </executions>
          <configuration>
            <updatePomFile>true</updatePomFile>
            <flattenMode>resolveCiFriendliesOnly</flattenMode>
          </configuration>
        </plugin>
        <plugin>
          <artifactId>maven-clean-plugin</artifactId>
          <version>3.1.0</version>
        </plugin>
        <plugin>
          <artifactId>maven-install-plugin</artifactId>
          <version>2.5.1</version>
        </plugin>
        <plugin>
          <artifactId>maven-resources-plugin</artifactId>
          <version>3.1.0</version>
        </plugin>
        <plugin>
          <artifactId>maven-site-plugin</artifactId>
          <version>3.3</version>
        </plugin>
        <plugin>
          <groupId>org.sonatype.plugins</groupId>
          <artifactId>nexus-staging-maven-plugin</artifactId>
          <version>1.6.7</version>
          <extensions>true</extensions>
          <configuration>
            <serverId>ossrh</serverId>
            <nexusUrl>https://oss.sonatype.org/</nexusUrl>
            <autoReleaseAfterClose>true</autoReleaseAfterClose>
          </configuration>
        </plugin>
        <plugin>
          <artifactId>maven-javadoc-plugin</artifactId>
          <version>3.4.0</version>
          <executions>
            <execution>
              <id>javadoc</id>
              <goals>
                <goal>jar</goal>
              </goals>
            </execution>
          </executions>
          <configuration>
            <failOnError>false</failOnError>
            <doclint>none</doclint>
          </configuration>
        </plugin>
      </plugins>
    </pluginManagement>
    <plugins>
      <plugin>
        <groupId>org.codehaus.mojo</groupId>
        <artifactId>flatten-maven-plugin</artifactId>
      </plugin>
    </plugins>
  </build>
  <profiles>
    <profile>
      <id>verification</id>
      <activation>
        <property>
          <name>!skipTests</name>
        </property>
      </activation>
      <modules>
        <module>pitest-java8-verification</module>
        <module>pitest-maven-verification</module>
      </modules>
    </profile>
    <profile>
      <id>release</id>
      <activation>
        <property>
          <name>performRelease</name>
          <value>true</value>
        </property>
      </activation>
      <build>
        <plugins>
          <plugin>
            <artifactId>maven-gpg-plugin</artifactId>
          </plugin>
          <plugin>
            <artifactId>maven-source-plugin</artifactId>
          </plugin>
          <plugin>
            <artifactId>maven-javadoc-plugin</artifactId>
          </plugin>
          <plugin>
            <groupId>org.sonatype.plugins</groupId>
            <artifactId>nexus-staging-maven-plugin</artifactId>
          </plugin>
        </plugins>
      </build>
    </profile>
    <profile>
      <id>owasp-dependency-check</id>
      <build>
        <plugins>
          <plugin>
            <groupId>org.owasp</groupId>
            <artifactId>dependency-check-maven</artifactId>
            <version>7.1.0</version>
            <executions>
              <execution>
                <goals>
                  <goal>check</goal>
                </goals>
              </execution>
            </executions>
          </plugin>
        </plugins>
      </build>
    </profile>
  </profiles>
</project>
