<?xml version="1.0" encoding="UTF-8"?>
<project xsi:schemaLocation="http://maven.apache.org/POM/4.0.0 https://maven.apache.org/xsd/maven-4.0.0.xsd" xmlns="http://maven.apache.org/POM/4.0.0"
    xmlns:xsi="http://www.w3.org/2001/XMLSchema-instance">
  <modelVersion>4.0.0</modelVersion>
  <parent>
    <groupId>org.pitest</groupId>
    <artifactId>pitest-parent</artifactId>
    <version>1.0.0-SNAPSHOT</version>
  </parent>
  <groupId>org.pitest</groupId>
  <artifactId>pitest-maven-verification</artifactId>
  <version>1.0.0-SNAPSHOT</version>
  <name>pitest-maven-verification</name>
  <description>Pitest Maven Mojo integration tests.</description>
  <url>http://pitest.org</url>
  <licenses>
    <license>
      <name>The Apache Software License, Version 2.0</name>
      <url>http://www.apache.org/licenses/LICENSE-2.0.txt</url>
      <distribution>repo</distribution>
    </license>
  </licenses>
  <properties>
    <maven.version>2.2.1</maven.version>
  </properties>
  <dependencyManagement>
    <dependencies>
      <dependency>
        <groupId>org.apache.maven</groupId>
        <artifactId>maven-core</artifactId>
        <version>3.8.6</version>
      </dependency>
    </dependencies>
  </dependencyManagement>
  <dependencies>
    <dependency>
      <groupId>org.pitest</groupId>
      <artifactId>pitest-maven</artifactId>
      <version>${project.version}</version>
    </dependency>
    <dependency>
      <groupId>org.apache.maven</groupId>
      <artifactId>maven-plugin-api</artifactId>
      <version>${maven.version}</version>
    </dependency>
    <dependency>
      <groupId>org.apache.maven</groupId>
      <artifactId>maven-project</artifactId>
      <version>${maven.version}</version>
    </dependency>
    <dependency>
      <groupId>org.apache.maven</groupId>
      <artifactId>maven-artifact</artifactId>
      <version>3.8.6</version>
    </dependency>
    <dependency>
      <groupId>org.apache.maven</groupId>
      <artifactId>maven-toolchain</artifactId>
      <version>${maven.version}</version>
      <exclusions>
        <exclusion>
          <groupId>org.slf4j</groupId>
          <artifactId>slf4j-nop</artifactId>
        </exclusion>
        <exclusion>
          <groupId>org.slf4j</groupId>
          <artifactId>slf4j-jdk14</artifactId>
        </exclusion>
        <exclusion>
          <groupId>org.slf4j</groupId>
          <artifactId>jcl-over-slf4j</artifactId>
        </exclusion>
      </exclusions>
    </dependency>
    <dependency>
      <groupId>org.slf4j</groupId>
      <artifactId>slf4j-simple</artifactId>
      <version>${slf4j.version}</version>
    </dependency>
    <dependency>
      <groupId>org.apache.maven.plugin-testing</groupId>
      <artifactId>maven-plugin-testing-harness</artifactId>
      <version>3.3.0</version>
      <scope>test</scope>
    </dependency>
    <dependency>
      <groupId>org.apache.maven.shared</groupId>
      <artifactId>maven-verifier</artifactId>
      <version>1.7.2</version>
      <scope>test</scope>
    </dependency>
    <dependency>
      <groupId>org.pitest</groupId>
      <artifactId>pitest-entry</artifactId>
      <version>1.0.0-SNAPSHOT</version>
      <type>test-jar</type>
      <scope>test</scope>
    </dependency>
  </dependencies>
  <build>
    <plugins>
      <plugin>
        <artifactId>maven-checkstyle-plugin</artifactId>
      </plugin>
      <plugin>
        <artifactId>maven-surefire-plugin</artifactId>
        <configuration>
          <skip>true</skip>
        </configuration>
      </plugin>
      <plugin>
        <artifactId>maven-failsafe-plugin</artifactId>
        <executions>
          <execution>
            <goals>
              <goal>integration-test</goal>
              <goal>verify</goal>
            </goals>
          </execution>
        </executions>
      </plugin>
    </plugins>
  </build>
</project>
