<?xml version="1.0" encoding="UTF-8"?>
<project xsi:schemaLocation="http://maven.apache.org/POM/4.0.0 https://maven.apache.org/xsd/maven-4.0.0.xsd" xmlns="http://maven.apache.org/POM/4.0.0"
    xmlns:xsi="http://www.w3.org/2001/XMLSchema-instance">
  <modelVersion>4.0.0</modelVersion>
  <parent>
    <groupId>org.pitest</groupId>
    <artifactId>pitest-parent</artifactId>
    <version>1.0.0-SNAPSHOT</version>
  </parent>
  <groupId>org.pitest</groupId>
  <artifactId>pitest-java8-verification</artifactId>
  <version>1.0.0-SNAPSHOT</version>
  <description>Checks pitest against Java8 features
        (pitest project is itself Java 5-based only).</description>
  <licenses>
    <license>
      <name>The Apache Software License, Version 2.0</name>
      <url>http://www.apache.org/licenses/LICENSE-2.0.txt</url>
      <distribution>repo</distribution>
    </license>
  </licenses>
  <dependencies>
    <dependency>
      <groupId>junit</groupId>
      <artifactId>junit</artifactId>
      <version>${junit.version}</version>
      <scope>test</scope>
    </dependency>
    <dependency>
      <groupId>org.pitest</groupId>
      <artifactId>pitest-entry</artifactId>
      <version>${project.version}</version>
      <scope>test</scope>
    </dependency>
    <dependency>
      <groupId>org.pitest</groupId>
      <artifactId>pitest-entry</artifactId>
      <version>${project.version}</version>
      <type>test-jar</type>
      <scope>test</scope>
    </dependency>
  </dependencies>
  <build>
    <plugins>
      <plugin>
        <artifactId>maven-checkstyle-plugin</artifactId>
      </plugin>
      <plugin>
        <artifactId>maven-compiler-plugin</artifactId>
        <configuration>
          <source>1.8</source>
          <target>1.8</target>
        </configuration>
      </plugin>
      <plugin>
        <artifactId>maven-failsafe-plugin</artifactId>
        <executions>
          <execution>
            <goals>
              <goal>integration-test</goal>
              <goal>verify</goal>
            </goals>
          </execution>
        </executions>
      </plugin>
    </plugins>
  </build>
</project>
