<?xml version="1.0" encoding="UTF-8"?>
<project xsi:schemaLocation="http://maven.apache.org/POM/4.0.0 https://maven.apache.org/xsd/maven-4.0.0.xsd" xmlns="http://maven.apache.org/POM/4.0.0"
    xmlns:xsi="http://www.w3.org/2001/XMLSchema-instance">
  <modelVersion>4.0.0</modelVersion>
  <parent>
    <groupId>org.pitest</groupId>
    <artifactId>pitest-parent</artifactId>
    <version>1.0.0-SNAPSHOT</version>
  </parent>
  <groupId>org.pitest</groupId>
  <artifactId>pitest-maven</artifactId>
  <version>1.0.0-SNAPSHOT</version>
  <packaging>maven-plugin</packaging>
  <name>pitest-maven</name>
  <description>Pitest Maven Mojo.</description>
  <url>http://pitest.org</url>
  <licenses>
    <license>
      <name>The Apache Software License, Version 2.0</name>
      <url>http://www.apache.org/licenses/LICENSE-2.0.txt</url>
      <distribution>repo</distribution>
    </license>
  </licenses>
  <properties>
    <surefire.version>3.0.0-M7</surefire.version>
    <scm.version>1.9.4</scm.version>
  </properties>
  <dependencyManagement>
    <dependencies>
      <dependency>
        <groupId>org.codehaus.plexus</groupId>
        <artifactId>plexus-interpolation</artifactId>
        <version>1.21</version>
      </dependency>
      <dependency>
        <groupId>org.apache.maven</groupId>
        <artifactId>maven-core</artifactId>
        <version>3.8.6</version>
        <scope>provided</scope>
      </dependency>
    </dependencies>
  </dependencyManagement>
  <dependencies>
    <dependency>
      <groupId>org.pitest</groupId>
      <artifactId>pitest-entry</artifactId>
      <version>${project.version}</version>
    </dependency>
    <dependency>
      <groupId>org.pitest</groupId>
      <artifactId>pitest-html-report</artifactId>
      <version>${project.version}</version>
    </dependency>
    <dependency>
      <groupId>org.pitest</groupId>
      <artifactId>pitest-aggregator</artifactId>
      <version>${project.version}</version>
    </dependency>
    <dependency>
      <groupId>org.apache.maven</groupId>
      <artifactId>maven-plugin-api</artifactId>
      <version>3.8.6</version>
      <scope>provided</scope>
    </dependency>
    <dependency>
      <groupId>org.apache.maven.plugin-tools</groupId>
      <artifactId>maven-plugin-annotations</artifactId>
      <version>3.6.4</version>
      <scope>provided</scope>
    </dependency>
    <dependency>
      <groupId>org.apache.maven.reporting</groupId>
      <artifactId>maven-reporting-api</artifactId>
      <version>3.1.0</version>
    </dependency>
    <dependency>
      <groupId>commons-collections</groupId>
      <artifactId>commons-collections</artifactId>
      <version>3.2.2</version>
    </dependency>
    <dependency>
      <groupId>commons-beanutils</groupId>
      <artifactId>commons-beanutils</artifactId>
      <version>1.9.4</version>
    </dependency>
    <dependency>
      <groupId>org.codehaus.plexus</groupId>
      <artifactId>plexus-utils</artifactId>
      <version>3.3.1</version>
    </dependency>
    <dependency>
      <groupId>org.apache.maven.reporting</groupId>
      <artifactId>maven-reporting-impl</artifactId>
      <version>3.1.0</version>
    </dependency>
    <dependency>
      <groupId>backport-util-concurrent</groupId>
      <artifactId>backport-util-concurrent</artifactId>
      <version>3.1</version>
    </dependency>
    <dependency>
      <groupId>org.apache.maven.scm</groupId>
      <artifactId>maven-scm-api</artifactId>
      <version>${scm.version}</version>
    </dependency>
    <dependency>
      <groupId>org.apache.maven.scm</groupId>
      <artifactId>maven-scm-manager-plexus</artifactId>
      <version>${scm.version}</version>
    </dependency>
    <dependency>
      <groupId>org.codehaus.groovy</groupId>
      <artifactId>groovy-all</artifactId>
      <version>2.4.18</version>
      <scope>runtime</scope>
    </dependency>
    <dependency>
      <groupId>org.apache.maven.scm</groupId>
      <artifactId>maven-scm-providers-standard</artifactId>
      <version>${scm.version}</version>
      <type>pom</type>
    </dependency>
    <dependency>
      <groupId>org.apache.maven.surefire</groupId>
      <artifactId>surefire-booter</artifactId>
      <version>${surefire.version}</version>
    </dependency>
    <dependency>
      <groupId>org.apache.maven.surefire</groupId>
      <artifactId>maven-surefire-common</artifactId>
      <version>${surefire.version}</version>
    </dependency>
    <dependency>
      <groupId>org.apache.maven</groupId>
      <artifactId>maven-artifact</artifactId>
      <version>3.8.6</version>
      <scope>provided</scope>
    </dependency>
    <dependency>
      <groupId>org.apache.maven</groupId>
      <artifactId>maven-toolchain</artifactId>
      <version>2.2.1</version>
      <scope>provided</scope>
    </dependency>
    <dependency>
      <groupId>org.slf4j</groupId>
      <artifactId>jul-to-slf4j</artifactId>
      <version>${slf4j.version}</version>
    </dependency>
    <dependency>
      <groupId>uk.org.lidalia</groupId>
      <artifactId>sysout-over-slf4j</artifactId>
      <version>1.0.2</version>
    </dependency>
    <dependency>
      <groupId>org.slf4j</groupId>
      <artifactId>slf4j-api</artifactId>
      <version>${slf4j.version}</version>
      <scope>provided</scope>
    </dependency>
    <dependency>
      <groupId>org.apache.maven.plugin-testing</groupId>
      <artifactId>maven-plugin-testing-harness</artifactId>
      <version>3.3.0</version>
      <scope>test</scope>
    </dependency>
    <dependency>
      <groupId>ch.qos.logback</groupId>
      <artifactId>logback-classic</artifactId>
      <version>1.2.11</version>
      <scope>test</scope>
    </dependency>
    <dependency>
      <groupId>org.apache.maven</groupId>
      <artifactId>maven-compat</artifactId>
      <version>3.8.6</version>
      <scope>test</scope>
    </dependency>
  </dependencies>
  <build>
    <plugins>
      <plugin>
        <artifactId>maven-checkstyle-plugin</artifactId>
      </plugin>
      <plugin>
        <artifactId>maven-surefire-plugin</artifactId>
        <configuration>
          <excludedGroups>org.pitest.maven.SystemTest</excludedGroups>
        </configuration>
      </plugin>
      <plugin>
        <artifactId>maven-failsafe-plugin</artifactId>
        <executions>
          <execution>
            <goals>
              <goal>integration-test</goal>
              <goal>verify</goal>
            </goals>
            <configuration>
              <includes>
                <include>**/*.class</include>
              </includes>
            </configuration>
          </execution>
        </executions>
        <configuration>
          <groups>org.pitest.maven.SystemTest</groups>
        </configuration>
      </plugin>
      <plugin>
        <artifactId>maven-plugin-plugin</artifactId>
        <version>3.6.4</version>
        <executions>
          <execution>
            <id>default-descriptor</id>
            <phase>process-classes</phase>
          </execution>
          <execution>
            <id>help-goal</id>
            <goals>
              <goal>helpmojo</goal>
            </goals>
          </execution>
        </executions>
      </plugin>
    </plugins>
  </build>
</project>
