<?xml version="1.0" encoding="UTF-8"?>
<project xsi:schemaLocation="http://maven.apache.org/POM/4.0.0 https://maven.apache.org/xsd/maven-4.0.0.xsd" xmlns="http://maven.apache.org/POM/4.0.0"
    xmlns:xsi="http://www.w3.org/2001/XMLSchema-instance">
  <modelVersion>4.0.0</modelVersion>
  <parent>
    <groupId>org.pitest</groupId>
    <artifactId>pitest-parent</artifactId>
    <version>1.0.0-SNAPSHOT</version>
  </parent>
  <groupId>org.pitest</groupId>
  <artifactId>pitest</artifactId>
  <version>1.0.0-SNAPSHOT</version>
  <name>pitest</name>
  <description>Mutation testing system for Java.</description>
  <url>http://pitest.org</url>
  <licenses>
    <license>
      <name>The Apache Software License, Version 2.0</name>
      <url>http://www.apache.org/licenses/LICENSE-2.0.txt</url>
      <distribution>repo</distribution>
    </license>
  </licenses>
  <dependencies>
    <dependency>
      <groupId>junit</groupId>
      <artifactId>junit</artifactId>
      <version>4.11</version>
      <scope>provided</scope>
    </dependency>
    <dependency>
      <groupId>org.ow2.asm</groupId>
      <artifactId>asm-util</artifactId>
      <version>9.3</version>
      <scope>test</scope>
    </dependency>
    <dependency>
      <groupId>org.ow2.asm</groupId>
      <artifactId>asm-analysis</artifactId>
      <version>9.3</version>
      <scope>test</scope>
    </dependency>
    <dependency>
      <groupId>commons-lang</groupId>
      <artifactId>commons-lang</artifactId>
      <version>2.6</version>
      <scope>test</scope>
    </dependency>
    <dependency>
      <groupId>jmock</groupId>
      <artifactId>jmock</artifactId>
      <version>1.2.0</version>
      <scope>test</scope>
    </dependency>
    <dependency>
      <groupId>org.hamcrest</groupId>
      <artifactId>hamcrest-core</artifactId>
      <version>1.3</version>
      <scope>test</scope>
    </dependency>
    <dependency>
      <groupId>org.hamcrest</groupId>
      <artifactId>hamcrest-library</artifactId>
      <version>1.3</version>
      <scope>test</scope>
    </dependency>
    <dependency>
      <groupId>pl.pragmatists</groupId>
      <artifactId>JUnitParams</artifactId>
      <version>1.0.4</version>
      <scope>test</scope>
    </dependency>
    <dependency>
      <groupId>nl.jqno.equalsverifier</groupId>
      <artifactId>equalsverifier</artifactId>
      <version>3.7.1</version>
      <scope>test</scope>
    </dependency>
    <dependency>
      <groupId>org.mockito</groupId>
      <artifactId>mockito-core</artifactId>
      <version>3.6.28</version>
      <scope>test</scope>
      <exclusions>
        <exclusion>
          <groupId>net.bytebuddy</groupId>
          <artifactId>byte-buddy</artifactId>
        </exclusion>
        <exclusion>
          <groupId>net.bytebuddy</groupId>
          <artifactId>byte-buddy-agent</artifactId>
        </exclusion>
        <exclusion>
          <groupId>org.objenesis</groupId>
          <artifactId>objenesis</artifactId>
        </exclusion>
      </exclusions>
    </dependency>
    <dependency>
      <groupId>org.assertj</groupId>
      <artifactId>assertj-core</artifactId>
      <version>3.22.0</version>
      <scope>test</scope>
    </dependency>
    <dependency>
      <groupId>org.pitest.quickbuilder</groupId>
      <artifactId>quickbuilder</artifactId>
      <version>1.2</version>
      <scope>test</scope>
    </dependency>
  </dependencies>
  <build>
    <resources>
      <resource>
        <filtering>true</filtering>
        <directory>src/main/resources</directory>
      </resource>
    </resources>
    <plugins>
      <plugin>
        <artifactId>maven-checkstyle-plugin</artifactId>
      </plugin>
      <plugin>
        <artifactId>maven-jar-plugin</artifactId>
        <executions>
          <execution>
            <goals>
              <goal>test-jar</goal>
            </goals>
          </execution>
        </executions>
        <configuration>
          <archive>
            <manifest>
              <addDefaultImplementationEntries>true</addDefaultImplementationEntries>
            </manifest>
            <index>true</index>
          </archive>
        </configuration>
      </plugin>
      <plugin>
        <artifactId>maven-surefire-plugin</artifactId>
        <configuration>
          <includes>
            <include>org/**/Test*.java</include>
            <include>org/**/*Test.java</include>
          </includes>
          <excludes>
            <exclude>**/*$*</exclude>
            <exclude>com/*/**.java</exclude>
          </excludes>
          <excludedGroups>org.pitest.SystemTest</excludedGroups>
        </configuration>
      </plugin>
      <plugin>
        <artifactId>maven-failsafe-plugin</artifactId>
        <executions>
          <execution>
            <goals>
              <goal>integration-test</goal>
              <goal>verify</goal>
            </goals>
            <configuration>
              <includes>
                <include>**/*.class</include>
              </includes>
            </configuration>
          </execution>
        </executions>
        <configuration>
          <groups>org.pitest.SystemTest</groups>
        </configuration>
      </plugin>
      <plugin>
        <artifactId>maven-shade-plugin</artifactId>
        <executions>
          <execution>
            <phase>package</phase>
            <goals>
              <goal>shade</goal>
            </goals>
            <configuration>
              <artifactSet>
                <includes>
                  <include>org.ow2.asm:*</include>
                </includes>
              </artifactSet>
              <transformers>
                <transformer implementation="org.apache.maven.plugins.shade.resource.ServicesResourceTransformer" />
              </transformers>
              <relocations>
                <relocation>
                  <pattern>org.objectweb.asm</pattern>
                  <shadedPattern>org.pitest.reloc.asm</shadedPattern>
                </relocation>
              </relocations>
            </configuration>
          </execution>
        </executions>
      </plugin>
      <plugin>
        <groupId>org.codehaus.mojo</groupId>
        <artifactId>flatten-maven-plugin</artifactId>
      </plugin>
      <plugin>
        <artifactId>maven-antrun-plugin</artifactId>
        <version>1.8</version>
        <executions>
          <execution>
            <phase>prepare-package</phase>
            <goals>
              <goal>run</goal>
            </goals>
            <configuration>
              <target>
                <delete file="${project.build.directory}/${project.build.finalName}.${project.packaging}" />
              </target>
            </configuration>
          </execution>
        </executions>
      </plugin>
    </plugins>
  </build>
</project>
