<?xml version="1.0" encoding="UTF-8"?>
<project xsi:schemaLocation="http://maven.apache.org/POM/4.0.0 https://maven.apache.org/xsd/maven-4.0.0.xsd" xmlns="http://maven.apache.org/POM/4.0.0"
    xmlns:xsi="http://www.w3.org/2001/XMLSchema-instance">
  <modelVersion>4.0.0</modelVersion>
  <parent>
    <groupId>org.pitest</groupId>
    <artifactId>pitest-parent</artifactId>
    <version>1.0.0-SNAPSHOT</version>
  </parent>
  <groupId>org.pitest</groupId>
  <artifactId>pitest-ant</artifactId>
  <version>1.0.0-SNAPSHOT</version>
  <name>pitest-ant</name>
  <description>Pitest Ant task.</description>
  <url>http://pitest.org</url>
  <licenses>
    <license>
      <name>The Apache Software License, Version 2.0</name>
      <url>http://www.apache.org/licenses/LICENSE-2.0.txt</url>
      <distribution>repo</distribution>
    </license>
  </licenses>
  <properties>
    <ant.version>1.10.11</ant.version>
  </properties>
  <dependencies>
    <dependency>
      <groupId>org.apache.ant</groupId>
      <artifactId>ant</artifactId>
      <version>1.10.11</version>
      <scope>provided</scope>
      <exclusions>
        <exclusion>
          <groupId>org.apache.ant</groupId>
          <artifactId>ant-launcher</artifactId>
        </exclusion>
        <exclusion>
          <groupId>com.sun</groupId>
          <artifactId>tools</artifactId>
        </exclusion>
      </exclusions>
    </dependency>
    <dependency>
      <groupId>xmlunit</groupId>
      <artifactId>xmlunit</artifactId>
      <version>1.6</version>
      <scope>test</scope>
    </dependency>
    <dependency>
      <groupId>org.apache.ant</groupId>
      <artifactId>ant-testutil</artifactId>
      <version>1.10.11</version>
      <scope>test</scope>
      <exclusions>
        <exclusion>
          <groupId>com.sun</groupId>
          <artifactId>tools</artifactId>
        </exclusion>
      </exclusions>
    </dependency>
    <dependency>
      <groupId>org.apache.maven</groupId>
      <artifactId>maven-ant-tasks</artifactId>
      <version>2.1.3</version>
      <scope>test</scope>
      <exclusions>
        <exclusion>
          <groupId>classworlds</groupId>
          <artifactId>classworlds</artifactId>
        </exclusion>
        <exclusion>
          <groupId>org.codehaus.plexus</groupId>
          <artifactId>plexus-container-default</artifactId>
        </exclusion>
        <exclusion>
          <groupId>org.codehaus.plexus</groupId>
          <artifactId>plexus-utils</artifactId>
        </exclusion>
        <exclusion>
          <groupId>org.codehaus.plexus</groupId>
          <artifactId>plexus-interpolation</artifactId>
        </exclusion>
        <exclusion>
          <groupId>org.apache.maven</groupId>
          <artifactId>maven-artifact</artifactId>
        </exclusion>
        <exclusion>
          <groupId>org.apache.maven</groupId>
          <artifactId>maven-artifact-manager</artifactId>
        </exclusion>
        <exclusion>
          <groupId>org.apache.maven</groupId>
          <artifactId>maven-model</artifactId>
        </exclusion>
        <exclusion>
          <groupId>org.apache.maven</groupId>
          <artifactId>maven-project</artifactId>
        </exclusion>
        <exclusion>
          <groupId>org.apache.maven</groupId>
          <artifactId>maven-error-diagnostics</artifactId>
        </exclusion>
        <exclusion>
          <groupId>org.apache.maven</groupId>
          <artifactId>maven-settings</artifactId>
        </exclusion>
        <exclusion>
          <groupId>org.apache.maven.wagon</groupId>
          <artifactId>wagon-file</artifactId>
        </exclusion>
        <exclusion>
          <groupId>org.apache.maven.wagon</groupId>
          <artifactId>wagon-http-lightweight</artifactId>
        </exclusion>
        <exclusion>
          <groupId>org.apache.maven.wagon</groupId>
          <artifactId>wagon-provider-api</artifactId>
        </exclusion>
      </exclusions>
    </dependency>
    <dependency>
      <groupId>junit</groupId>
      <artifactId>junit</artifactId>
      <version>4.11</version>
      <scope>test</scope>
      <exclusions>
        <exclusion>
          <groupId>org.hamcrest</groupId>
          <artifactId>hamcrest-core</artifactId>
        </exclusion>
      </exclusions>
    </dependency>
    <dependency>
      <groupId>org.mockito</groupId>
      <artifactId>mockito-core</artifactId>
      <version>3.6.28</version>
      <scope>test</scope>
      <exclusions>
        <exclusion>
          <groupId>net.bytebuddy</groupId>
          <artifactId>byte-buddy</artifactId>
        </exclusion>
        <exclusion>
          <groupId>net.bytebuddy</groupId>
          <artifactId>byte-buddy-agent</artifactId>
        </exclusion>
        <exclusion>
          <groupId>org.objenesis</groupId>
          <artifactId>objenesis</artifactId>
        </exclusion>
      </exclusions>
    </dependency>
    <dependency>
      <groupId>org.assertj</groupId>
      <artifactId>assertj-core</artifactId>
      <version>3.22.0</version>
      <scope>test</scope>
    </dependency>
    <dependency>
      <groupId>org.pitest.quickbuilder</groupId>
      <artifactId>quickbuilder</artifactId>
      <version>1.2</version>
      <scope>test</scope>
    </dependency>
  </dependencies>
  <build>
    <plugins>
      <plugin>
        <artifactId>maven-checkstyle-plugin</artifactId>
      </plugin>
      <plugin>
        <artifactId>maven-shade-plugin</artifactId>
        <executions>
          <execution>
            <phase>package</phase>
            <goals>
              <goal>shade</goal>
            </goals>
            <configuration>
              <transformers>
                <transformer implementation="org.apache.maven.plugins.shade.resource.ServicesResourceTransformer" />
              </transformers>
              <artifactSet>
                <includes>
                  <include>org.pitest:pitest-command-line</include>
                </includes>
              </artifactSet>
            </configuration>
          </execution>
        </executions>
      </plugin>
      <plugin>
        <groupId>org.codehaus.mojo</groupId>
        <artifactId>flatten-maven-plugin</artifactId>
      </plugin>
    </plugins>
  </build>
</project>
