<?xml version="1.0" encoding="UTF-8"?>
<project xmlns="http://maven.apache.org/POM/4.0.0" xmlns:xsi="http://www.w3.org/2001/XMLSchema-instance" xsi:schemaLocation="http://maven.apache.org/POM/4.0.0 http://maven.apache.org/maven-v4_0_0.xsd">
  <parent>
    <artifactId>pitest-parent</artifactId>
    <groupId>org.pitest</groupId>
    <version>${revision}</version>
  </parent>
  <modelVersion>4.0.0</modelVersion>
  <artifactId>pitest-ant</artifactId>
  <name>pitest-ant</name>
  <description>Pitest Ant task.</description>
  <url>http://pitest.org</url>
  <build>
    <plugins>
      <plugin>
        <artifactId>maven-checkstyle-plugin</artifactId>
      </plugin>
      <plugin>
        <artifactId>maven-shade-plugin</artifactId>
        <executions>
          <execution>
            <phase>package</phase>
            <goals>
              <goal>shade</goal>
            </goals>
            <configuration>
              <transformers>
                <transformer />
              </transformers>
              <artifactSet>
                <includes>
                  <include>org.pitest:pitest-command-line</include>
                </includes>
              </artifactSet>
            </configuration>
          </execution>
        </executions>
      </plugin>
      <plugin>
        <groupId>org.codehaus.mojo</groupId>
        <artifactId>flatten-maven-plugin</artifactId>
      </plugin>
    </plugins>
  </build>
  <dependencies>
    <dependency>
      <groupId>org.apache.ant</groupId>
      <artifactId>ant</artifactId>
      <version>1.10.11</version>
      <scope>provided</scope>
      <exclusions>
        <exclusion>
          <artifactId>ant-launcher</artifactId>
          <groupId>org.apache.ant</groupId>
        </exclusion>
        <exclusion>
          <artifactId>tools</artifactId>
          <groupId>com.sun</groupId>
        </exclusion>
      </exclusions>
    </dependency>
    <dependency>
      <groupId>xmlunit</groupId>
      <artifactId>xmlunit</artifactId>
      <version>1.6</version>
      <scope>test</scope>
    </dependency>
    <dependency>
      <groupId>org.apache.ant</groupId>
      <artifactId>ant-testutil</artifactId>
      <version>1.10.11</version>
      <scope>test</scope>
      <exclusions>
        <exclusion>
          <artifactId>tools</artifactId>
          <groupId>com.sun</groupId>
        </exclusion>
      </exclusions>
    </dependency>
    <dependency>
      <groupId>org.apache.maven</groupId>
      <artifactId>maven-ant-tasks</artifactId>
      <version>2.1.3</version>
      <scope>test</scope>
      <exclusions>
        <exclusion>
          <artifactId>classworlds</artifactId>
          <groupId>classworlds</groupId>
        </exclusion>
        <exclusion>
          <artifactId>plexus-container-default</artifactId>
          <groupId>org.codehaus.plexus</groupId>
        </exclusion>
        <exclusion>
          <artifactId>plexus-utils</artifactId>
          <groupId>org.codehaus.plexus</groupId>
        </exclusion>
        <exclusion>
          <artifactId>plexus-interpolation</artifactId>
          <groupId>org.codehaus.plexus</groupId>
        </exclusion>
        <exclusion>
          <artifactId>maven-artifact</artifactId>
          <groupId>org.apache.maven</groupId>
        </exclusion>
        <exclusion>
          <artifactId>maven-artifact-manager</artifactId>
          <groupId>org.apache.maven</groupId>
        </exclusion>
        <exclusion>
          <artifactId>maven-model</artifactId>
          <groupId>org.apache.maven</groupId>
        </exclusion>
        <exclusion>
          <artifactId>maven-project</artifactId>
          <groupId>org.apache.maven</groupId>
        </exclusion>
        <exclusion>
          <artifactId>maven-error-diagnostics</artifactId>
          <groupId>org.apache.maven</groupId>
        </exclusion>
        <exclusion>
          <artifactId>maven-settings</artifactId>
          <groupId>org.apache.maven</groupId>
        </exclusion>
        <exclusion>
          <artifactId>wagon-file</artifactId>
          <groupId>org.apache.maven.wagon</groupId>
        </exclusion>
        <exclusion>
          <artifactId>wagon-http-lightweight</artifactId>
          <groupId>org.apache.maven.wagon</groupId>
        </exclusion>
        <exclusion>
          <artifactId>wagon-provider-api</artifactId>
          <groupId>org.apache.maven.wagon</groupId>
        </exclusion>
      </exclusions>
    </dependency>
    <dependency>
      <groupId>junit</groupId>
      <artifactId>junit</artifactId>
      <version>4.11</version>
      <scope>test</scope>
      <exclusions>
        <exclusion>
          <artifactId>hamcrest-core</artifactId>
          <groupId>org.hamcrest</groupId>
        </exclusion>
      </exclusions>
    </dependency>
    <dependency>
      <groupId>org.mockito</groupId>
      <artifactId>mockito-core</artifactId>
      <version>3.6.28</version>
      <scope>test</scope>
      <exclusions>
        <exclusion>
          <artifactId>byte-buddy</artifactId>
          <groupId>net.bytebuddy</groupId>
        </exclusion>
        <exclusion>
          <artifactId>byte-buddy-agent</artifactId>
          <groupId>net.bytebuddy</groupId>
        </exclusion>
        <exclusion>
          <artifactId>objenesis</artifactId>
          <groupId>org.objenesis</groupId>
        </exclusion>
      </exclusions>
    </dependency>
    <dependency>
      <groupId>org.assertj</groupId>
      <artifactId>assertj-core</artifactId>
      <version>3.22.0</version>
      <scope>test</scope>
    </dependency>
    <dependency>
      <groupId>org.pitest.quickbuilder</groupId>
      <artifactId>quickbuilder</artifactId>
      <version>1.2</version>
      <scope>test</scope>
    </dependency>
  </dependencies>
  <properties>
    <ant.version>1.10.11</ant.version>
  </properties>
</project>
