<?xml version="1.0" encoding="UTF-8"?>
<project xmlns="http://maven.apache.org/POM/4.0.0" xmlns:xsi="http://www.w3.org/2001/XMLSchema-instance" xsi:schemaLocation="http://maven.apache.org/POM/4.0.0 http://maven.apache.org/maven-v4_0_0.xsd">
  <parent>
    <artifactId>pitest-parent</artifactId>
    <groupId>org.pitest</groupId>
    <version>${revision}</version>
  </parent>
  <modelVersion>4.0.0</modelVersion>
  <artifactId>pitest-html-report</artifactId>
  <name>pitest-html-report</name>
  <description>Pitest html report plugin.</description>
  <url>http://pitest.org</url>
  <build>
    <resources>
      <resource>
        <filtering>true</filtering>
        <directory>src/main/resources</directory>
      </resource>
    </resources>
    <plugins>
      <plugin>
        <artifactId>maven-checkstyle-plugin</artifactId>
      </plugin>
      <plugin>
        <artifactId>maven-jar-plugin</artifactId>
        <configuration>
          <archive>
            <manifest>
              <mainClass>org.pitest.mutationtest.commandline.MutationCoverageReport</mainClass>
              <addDefaultImplementationEntries>true</addDefaultImplementationEntries>
            </manifest>
            <index>true</index>
          </archive>
        </configuration>
      </plugin>
      <plugin>
        <artifactId>maven-shade-plugin</artifactId>
        <executions>
          <execution>
            <phase>package</phase>
            <goals>
              <goal>shade</goal>
            </goals>
            <configuration>
              <artifactSet>
                <includes>
                  <include>org.antlr:*</include>
                  <include>antlr:*</include>
                </includes>
              </artifactSet>
              <transformers>
                <transformer />
              </transformers>
              <relocations>
                <relocation>
                  <pattern>org.antlr</pattern>
                  <shadedPattern>org.pitest.reloc.antlr</shadedPattern>
                </relocation>
                <relocation>
                  <pattern>antlr</pattern>
                  <shadedPattern>org.pitest.reloc.antlr.common</shadedPattern>
                </relocation>
              </relocations>
            </configuration>
          </execution>
        </executions>
      </plugin>
      <plugin>
        <groupId>org.codehaus.mojo</groupId>
        <artifactId>flatten-maven-plugin</artifactId>
      </plugin>
    </plugins>
  </build>
  <dependencies>
    <dependency>
      <groupId>org.pitest</groupId>
      <artifactId>pitest-entry</artifactId>
      <version>1.0.0-SNAPSHOT</version>
      <scope>compile</scope>
    </dependency>
    <dependency>
      <groupId>org.pitest</groupId>
      <artifactId>pitest-entry</artifactId>
      <version>1.0.0-SNAPSHOT</version>
      <type>test-jar</type>
      <scope>test</scope>
    </dependency>
    <dependency>
      <groupId>org.pitest</groupId>
      <artifactId>pitest</artifactId>
      <version>1.0.0-SNAPSHOT</version>
      <type>test-jar</type>
      <scope>test</scope>
    </dependency>
    <dependency>
      <groupId>junit</groupId>
      <artifactId>junit</artifactId>
      <version>4.11</version>
      <scope>test</scope>
      <exclusions>
        <exclusion>
          <artifactId>hamcrest-core</artifactId>
          <groupId>org.hamcrest</groupId>
        </exclusion>
      </exclusions>
    </dependency>
    <dependency>
      <groupId>org.mockito</groupId>
      <artifactId>mockito-core</artifactId>
      <version>3.6.28</version>
      <scope>test</scope>
      <exclusions>
        <exclusion>
          <artifactId>byte-buddy</artifactId>
          <groupId>net.bytebuddy</groupId>
        </exclusion>
        <exclusion>
          <artifactId>byte-buddy-agent</artifactId>
          <groupId>net.bytebuddy</groupId>
        </exclusion>
        <exclusion>
          <artifactId>objenesis</artifactId>
          <groupId>org.objenesis</groupId>
        </exclusion>
      </exclusions>
    </dependency>
    <dependency>
      <groupId>org.assertj</groupId>
      <artifactId>assertj-core</artifactId>
      <version>3.22.0</version>
      <scope>test</scope>
    </dependency>
    <dependency>
      <groupId>org.pitest.quickbuilder</groupId>
      <artifactId>quickbuilder</artifactId>
      <version>1.2</version>
      <scope>test</scope>
    </dependency>
  </dependencies>
</project>
